<?xml version="1.0"?>
<?xml-stylesheet type="text/xsl" href="xmlNewUsers.xsl"?>
<!DOCTYPE root [
<!ELEMENT root (myUsers)*>
<!ELEMENT myUsers (email | userID | createdAT | updatedAT | signInCount | currSignInAt | lastSignInAt | currSignInIP | lastSignInIP)*>
<!ELEMENT email (#PCDATA)>
<!ELEMENT userID (#PCDATA)>
<!ELEMENT createdAT (#PCDATA)>
<!ELEMENT updatedAT (#PCDATA)>
<!ELEMENT signInCount (#PCDATA)>
<!ELEMENT currSignInAt (#PCDATA)>
<!ELEMENT lastSignInAt (#PCDATA)>
<!ELEMENT currSignInIP (#PCDATA)>
<!ELEMENT lastSignInIP (#PCDATA)>
]>
<root>
  <myUsers>
    <email>adam@gmail.com</email>
    <userID>75</userID>
    <createdAT>27 Dec. 2013</createdAT>
    <updatedAT>27 Dec. 2013</updatedAT>
    <signInCount>1</signInCount>
    <currSignInAt>27 Dec. 2013</currSignInAt>
    <lastSignInAt>27 Dec. 2013</lastSignInAt>
    <currSignInIP>127.0.0.1</currSignInIP>
    <lastSignInIP>127.0.0.1</lastSignInIP>
  </myUsers>
  <myUsers>
    <email>atomdow@gmail.com</email>
    <userID>94</userID>
    <createdAT>23 Jan. 2014</createdAT>
    <updatedAT>23 Jan. 2014</updatedAT>
    <signInCount>1</signInCount>
    <currSignInAt>23 Jan. 2014</currSignInAt>
    <lastSignInAt>23 Jan. 2014</lastSignInAt>
    <currSignInIP>127.0.0.1</currSignInIP>
    <lastSignInIP>127.0.0.1</lastSignInIP>
  </myUsers>
  <myUsers>
    <email>billythekid@gmail.com</email>
    <userID>76</userID>
    <createdAT>27 Dec. 2013</createdAT>
    <updatedAT>27 Dec. 2013</updatedAT>
    <signInCount>1</signInCount>
    <currSignInAt>27 Dec. 2013</currSignInAt>
    <lastSignInAt>27 Dec. 2013</lastSignInAt>
    <currSignInIP>127.0.0.1</currSignInIP>
    <lastSignInIP>127.0.0.1</lastSignInIP>
  </myUsers>
  <myUsers>
    <email>bonnie@gmail.com</email>
    <userID>84</userID>
    <createdAT>30 Dec. 2013</createdAT>
    <updatedAT>30 Dec. 2013</updatedAT>
    <signInCount>1</signInCount>
    <currSignInAt>30 Dec. 2013</currSignInAt>
    <lastSignInAt>30 Dec. 2013</lastSignInAt>
    <currSignInIP>127.0.0.1</currSignInIP>
    <lastSignInIP>127.0.0.1</lastSignInIP>
  </myUsers>
  <myUsers>
    <email>charlie@gmail.com</email>
    <userID>77</userID>
    <createdAT>27 Dec. 2013</createdAT>
    <updatedAT>27 Dec. 2013</updatedAT>
    <signInCount>1</signInCount>
    <currSignInAt>27 Dec. 2013</currSignInAt>
    <lastSignInAt>27 Dec. 2013</lastSignInAt>
    <currSignInIP>127.0.0.1</currSignInIP>
    <lastSignInIP>127.0.0.1</lastSignInIP>
  </myUsers>
  <myUsers>
    <email>damien@gmail.com</email>
    <userID>86</userID>
    <createdAT>30 Dec. 2013</createdAT>
    <updatedAT>30 Dec. 2013</updatedAT>
    <signInCount>1</signInCount>
    <currSignInAt>30 Dec. 2013</currSignInAt>
    <lastSignInAt>30 Dec. 2013</lastSignInAt>
    <currSignInIP>127.0.0.1</currSignInIP>
    <lastSignInIP>127.0.0.1</lastSignInIP>
  </myUsers>
  <myUsers>
    <email>david@gmail.com</email>
    <userID>78</userID>
    <createdAT>27 Dec. 2013</createdAT>
    <updatedAT>27 Dec. 2013</updatedAT>
    <signInCount>1</signInCount>
    <currSignInAt>27 Dec. 2013</currSignInAt>
    <lastSignInAt>27 Dec. 2013</lastSignInAt>
    <currSignInIP>127.0.0.1</currSignInIP>
    <lastSignInIP>127.0.0.1</lastSignInIP>
  </myUsers>
  <myUsers>
    <email>emer_morrissey@hotmail.com</email>
    <userID>88</userID>
    <createdAT>20 Jan. 2014</createdAT>
    <updatedAT>20 Jan. 2014</updatedAT>
    <signInCount>1</signInCount>
    <currSignInAt>20 Jan. 2014</currSignInAt>
    <lastSignInAt>20 Jan. 2014</lastSignInAt>
    <currSignInIP>127.0.0.1</currSignInIP>
    <lastSignInIP>127.0.0.1</lastSignInIP>
  </myUsers>
  <myUsers>
    <email>emma@gmail.com</email>
    <userID>82</userID>
    <createdAT>27 Dec. 2013</createdAT>
    <updatedAT>27 Dec. 2013</updatedAT>
    <signInCount>1</signInCount>
    <currSignInAt>27 Dec. 2013</currSignInAt>
    <lastSignInAt>27 Dec. 2013</lastSignInAt>
    <currSignInIP>127.0.0.1</currSignInIP>
    <lastSignInIP>127.0.0.1</lastSignInIP>
  </myUsers>
  <myUsers>
    <email>eva@gmail.com</email>
    <userID>79</userID>
    <createdAT>27 Dec. 2013</createdAT>
    <updatedAT>27 Dec. 2013</updatedAT>
    <signInCount>1</signInCount>
    <currSignInAt>27 Dec. 2013</currSignInAt>
    <lastSignInAt>27 Dec. 2013</lastSignInAt>
    <currSignInIP>127.0.0.1</currSignInIP>
    <lastSignInIP>127.0.0.1</lastSignInIP>
  </myUsers>
  <myUsers>
    <email>evadaly@gmail.com</email>
    <userID>90</userID>
    <createdAT>20 Jan. 2014</createdAT>
    <updatedAT>20 Jan. 2014</updatedAT>
    <signInCount>1</signInCount>
    <currSignInAt>20 Jan. 2014</currSignInAt>
    <lastSignInAt>20 Jan. 2014</lastSignInAt>
    <currSignInIP>127.0.0.1</currSignInIP>
    <lastSignInIP>127.0.0.1</lastSignInIP>
  </myUsers>
  <myUsers>
    <email>example-10@railstutorial.org</email>
    <userID>65</userID>
    <createdAT>27 Dec. 2013</createdAT>
    <updatedAT>27 Dec. 2013</updatedAT>
    <signInCount>1</signInCount>
    <currSignInAt>27 Dec. 2013</currSignInAt>
    <lastSignInAt>27 Dec. 2013</lastSignInAt>
    <currSignInIP>127.0.0.1</currSignInIP>
    <lastSignInIP>127.0.0.1</lastSignInIP>
  </myUsers>
  <myUsers>
    <email>example-11@railstutorial.org</email>
    <userID>66</userID>
    <createdAT>27 Dec. 2013</createdAT>
    <updatedAT>27 Dec. 2013</updatedAT>
    <signInCount>1</signInCount>
    <currSignInAt>27 Dec. 2013</currSignInAt>
    <lastSignInAt>27 Dec. 2013</lastSignInAt>
    <currSignInIP>127.0.0.1</currSignInIP>
    <lastSignInIP>127.0.0.1</lastSignInIP>
  </myUsers>
  <myUsers>
    <email>example-12@railstutorial.org</email>
    <userID>67</userID>
    <createdAT>27 Dec. 2013</createdAT>
    <updatedAT>27 Dec. 2013</updatedAT>
    <signInCount>1</signInCount>
    <currSignInAt>27 Dec. 2013</currSignInAt>
    <lastSignInAt>27 Dec. 2013</lastSignInAt>
    <currSignInIP>127.0.0.1</currSignInIP>
    <lastSignInIP>127.0.0.1</lastSignInIP>
  </myUsers>
  <myUsers>
    <email>example-13@railstutorial.org</email>
    <userID>68</userID>
    <createdAT>27 Dec. 2013</createdAT>
    <updatedAT>27 Dec. 2013</updatedAT>
    <signInCount>1</signInCount>
    <currSignInAt>27 Dec. 2013</currSignInAt>
    <lastSignInAt>27 Dec. 2013</lastSignInAt>
    <currSignInIP>127.0.0.1</currSignInIP>
    <lastSignInIP>127.0.0.1</lastSignInIP>
  </myUsers>
  <myUsers>
    <email>example-14@railstutorial.org</email>
    <userID>69</userID>
    <createdAT>27 Dec. 2013</createdAT>
    <updatedAT>27 Dec. 2013</updatedAT>
    <signInCount>1</signInCount>
    <currSignInAt>27 Dec. 2013</currSignInAt>
    <lastSignInAt>27 Dec. 2013</lastSignInAt>
    <currSignInIP>127.0.0.1</currSignInIP>
    <lastSignInIP>127.0.0.1</lastSignInIP>
  </myUsers>
  <myUsers>
    <email>example-15@railstutorial.org</email>
    <userID>70</userID>
    <createdAT>27 Dec. 2013</createdAT>
    <updatedAT>27 Dec. 2013</updatedAT>
    <signInCount>1</signInCount>
    <currSignInAt>27 Dec. 2013</currSignInAt>
    <lastSignInAt>27 Dec. 2013</lastSignInAt>
    <currSignInIP>127.0.0.1</currSignInIP>
    <lastSignInIP>127.0.0.1</lastSignInIP>
  </myUsers>
  <myUsers>
    <email>example-16@railstutorial.org</email>
    <userID>71</userID>
    <createdAT>27 Dec. 2013</createdAT>
    <updatedAT>27 Dec. 2013</updatedAT>
    <signInCount>1</signInCount>
    <currSignInAt>27 Dec. 2013</currSignInAt>
    <lastSignInAt>27 Dec. 2013</lastSignInAt>
    <currSignInIP>127.0.0.1</currSignInIP>
    <lastSignInIP>127.0.0.1</lastSignInIP>
  </myUsers>
  <myUsers>
    <email>example-18@railstutorial.org</email>
    <userID>72</userID>
    <createdAT>27 Dec. 2013</createdAT>
    <updatedAT>27 Dec. 2013</updatedAT>
    <signInCount>1</signInCount>
    <currSignInAt>27 Dec. 2013</currSignInAt>
    <lastSignInAt>27 Dec. 2013</lastSignInAt>
    <currSignInIP>127.0.0.1</currSignInIP>
    <lastSignInIP>127.0.0.1</lastSignInIP>
  </myUsers>
  <myUsers>
    <email>example-19@railstutorial.org</email>
    <userID>73</userID>
    <createdAT>27 Dec. 2013</createdAT>
    <updatedAT>27 Dec. 2013</updatedAT>
    <signInCount>1</signInCount>
    <currSignInAt>27 Dec. 2013</currSignInAt>
    <lastSignInAt>27 Dec. 2013</lastSignInAt>
    <currSignInIP>127.0.0.1</currSignInIP>
    <lastSignInIP>127.0.0.1</lastSignInIP>
  </myUsers>
  <myUsers>
    <email>example-1@railstutorial.org</email>
    <userID>56</userID>
    <createdAT>27 Dec. 2013</createdAT>
    <updatedAT>27 Dec. 2013</updatedAT>
    <signInCount>1</signInCount>
    <currSignInAt>27 Dec. 2013</currSignInAt>
    <lastSignInAt>27 Dec. 2013</lastSignInAt>
    <currSignInIP>127.0.0.1</currSignInIP>
    <lastSignInIP>127.0.0.1</lastSignInIP>
  </myUsers>
  <myUsers>
    <email>example-20@railstutorial.org</email>
    <userID>74</userID>
    <createdAT>27 Dec. 2013</createdAT>
    <updatedAT>27 Dec. 2013</updatedAT>
    <signInCount>1</signInCount>
    <currSignInAt>27 Dec. 2013</currSignInAt>
    <lastSignInAt>27 Dec. 2013</lastSignInAt>
    <currSignInIP>127.0.0.1</currSignInIP>
    <lastSignInIP>127.0.0.1</lastSignInIP>
  </myUsers>
  <myUsers>
    <email>example-2@railstutorial.org</email>
    <userID>57</userID>
    <createdAT>27 Dec. 2013</createdAT>
    <updatedAT>27 Dec. 2013</updatedAT>
    <signInCount>1</signInCount>
    <currSignInAt>27 Dec. 2013</currSignInAt>
    <lastSignInAt>27 Dec. 2013</lastSignInAt>
    <currSignInIP>127.0.0.1</currSignInIP>
    <lastSignInIP>127.0.0.1</lastSignInIP>
  </myUsers>
  <myUsers>
    <email>example-3@railstutorial.org</email>
    <userID>58</userID>
    <createdAT>27 Dec. 2013</createdAT>
    <updatedAT>27 Dec. 2013</updatedAT>
    <signInCount>1</signInCount>
    <currSignInAt>27 Dec. 2013</currSignInAt>
    <lastSignInAt>27 Dec. 2013</lastSignInAt>
    <currSignInIP>127.0.0.1</currSignInIP>
    <lastSignInIP>127.0.0.1</lastSignInIP>
  </myUsers>
  <myUsers>
    <email>example-4@railstutorial.org</email>
    <userID>59</userID>
    <createdAT>27 Dec. 2013</createdAT>
    <updatedAT>27 Dec. 2013</updatedAT>
    <signInCount>1</signInCount>
    <currSignInAt>27 Dec. 2013</currSignInAt>
    <lastSignInAt>27 Dec. 2013</lastSignInAt>
    <currSignInIP>127.0.0.1</currSignInIP>
    <lastSignInIP>127.0.0.1</lastSignInIP>
  </myUsers>
  <myUsers>
    <email>example-5@railstutorial.org</email>
    <userID>60</userID>
    <createdAT>27 Dec. 2013</createdAT>
    <updatedAT>27 Dec. 2013</updatedAT>
    <signInCount>1</signInCount>
    <currSignInAt>27 Dec. 2013</currSignInAt>
    <lastSignInAt>27 Dec. 2013</lastSignInAt>
    <currSignInIP>127.0.0.1</currSignInIP>
    <lastSignInIP>127.0.0.1</lastSignInIP>
  </myUsers>
  <myUsers>
    <email>example-6@railstutorial.org</email>
    <userID>61</userID>
    <createdAT>27 Dec. 2013</createdAT>
    <updatedAT>27 Dec. 2013</updatedAT>
    <signInCount>1</signInCount>
    <currSignInAt>27 Dec. 2013</currSignInAt>
    <lastSignInAt>27 Dec. 2013</lastSignInAt>
    <currSignInIP>127.0.0.1</currSignInIP>
    <lastSignInIP>127.0.0.1</lastSignInIP>
  </myUsers>
  <myUsers>
    <email>example-7@railstutorial.org</email>
    <userID>62</userID>
    <createdAT>27 Dec. 2013</createdAT>
    <updatedAT>27 Dec. 2013</updatedAT>
    <signInCount>1</signInCount>
    <currSignInAt>27 Dec. 2013</currSignInAt>
    <lastSignInAt>27 Dec. 2013</lastSignInAt>
    <currSignInIP>127.0.0.1</currSignInIP>
    <lastSignInIP>127.0.0.1</lastSignInIP>
  </myUsers>
  <myUsers>
    <email>example-8@railstutorial.org</email>
    <userID>63</userID>
    <createdAT>27 Dec. 2013</createdAT>
    <updatedAT>27 Dec. 2013</updatedAT>
    <signInCount>1</signInCount>
    <currSignInAt>27 Dec. 2013</currSignInAt>
    <lastSignInAt>27 Dec. 2013</lastSignInAt>
    <currSignInIP>127.0.0.1</currSignInIP>
    <lastSignInIP>127.0.0.1</lastSignInIP>
  </myUsers>
  <myUsers>
    <email>example-9@railstutorial.org</email>
    <userID>64</userID>
    <createdAT>27 Dec. 2013</createdAT>
    <updatedAT>27 Dec. 2013</updatedAT>
    <signInCount>1</signInCount>
    <currSignInAt>27 Dec. 2013</currSignInAt>
    <lastSignInAt>27 Dec. 2013</lastSignInAt>
    <currSignInIP>127.0.0.1</currSignInIP>
    <lastSignInIP>127.0.0.1</lastSignInIP>
  </myUsers>
  <myUsers>
    <email>handsome@gmail.com</email>
    <userID>85</userID>
    <createdAT>30 Dec. 2013</createdAT>
    <updatedAT>30 Dec. 2013</updatedAT>
    <signInCount>1</signInCount>
    <currSignInAt>30 Dec. 2013</currSignInAt>
    <lastSignInAt>30 Dec. 2013</lastSignInAt>
    <currSignInIP>127.0.0.1</currSignInIP>
    <lastSignInIP>127.0.0.1</lastSignInIP>
  </myUsers>
  <myUsers>
    <email>linda@gmail.com</email>
    <userID>87</userID>
    <createdAT>01 Jan. 2014</createdAT>
    <updatedAT>01 Jan. 2014</updatedAT>
    <signInCount>1</signInCount>
    <currSignInAt>01 Jan. 2014</currSignInAt>
    <lastSignInAt>01 Jan. 2014</lastSignInAt>
    <currSignInIP>127.0.0.1</currSignInIP>
    <lastSignInIP>127.0.0.1</lastSignInIP>
  </myUsers>
  <myUsers>
    <email>prasantmp500@gmail.com</email>
    <userID>89</userID>
    <createdAT>20 Jan. 2014</createdAT>
    <updatedAT>20 Jan. 2014</updatedAT>
    <signInCount>1</signInCount>
    <currSignInAt>20 Jan. 2014</currSignInAt>
    <lastSignInAt>20 Jan. 2014</lastSignInAt>
    <currSignInIP>127.0.0.1</currSignInIP>
    <lastSignInIP>127.0.0.1</lastSignInIP>
  </myUsers>
  <myUsers>
    <email>suzy@gmail.com</email>
    <userID>83</userID>
    <createdAT>30 Dec. 2013</createdAT>
    <updatedAT>30 Dec. 2013</updatedAT>
    <signInCount>1</signInCount>
    <currSignInAt>30 Dec. 2013</currSignInAt>
    <lastSignInAt>30 Dec. 2013</lastSignInAt>
    <currSignInIP>127.0.0.1</currSignInIP>
    <lastSignInIP>127.0.0.1</lastSignInIP>
  </myUsers>
  <myUsers>
    <email>thomasgdowling@gmail.com</email>
    <userID>51</userID>
    <createdAT>25 Dec. 2013</createdAT>
    <updatedAT>25 Dec. 2013</updatedAT>
    <signInCount>1</signInCount>
    <currSignInAt>25 Dec. 2013</currSignInAt>
    <lastSignInAt>25 Dec. 2013</lastSignInAt>
    <currSignInIP>127.0.0.1</currSignInIP>
    <lastSignInIP>127.0.0.1</lastSignInIP>
  </myUsers>
  <myUsers>
    <email>tim@gmail.com</email>
    <userID>81</userID>
    <createdAT>27 Dec. 2013</createdAT>
    <updatedAT>27 Dec. 2013</updatedAT>
    <signInCount>1</signInCount>
    <currSignInAt>27 Dec. 2013</currSignInAt>
    <lastSignInAt>27 Dec. 2013</lastSignInAt>
    <currSignInIP>127.0.0.1</currSignInIP>
    <lastSignInIP>127.0.0.1</lastSignInIP>
  </myUsers>
  <myUsers>
    <email>tomdowlingnci@gmail.com</email>
    <userID>93</userID>
    <createdAT>23 Jan. 2014</createdAT>
    <updatedAT>23 Jan. 2014</updatedAT>
    <signInCount>1</signInCount>
    <currSignInAt>23 Jan. 2014</currSignInAt>
    <lastSignInAt>23 Jan. 2014</lastSignInAt>
    <currSignInIP>127.0.0.1</currSignInIP>
    <lastSignInIP>127.0.0.1</lastSignInIP>
  </myUsers>
  <myUsers>
    <email>tommy@gmail.com</email>
    <userID>91</userID>
    <createdAT>22 Jan. 2014</createdAT>
    <updatedAT>22 Jan. 2014</updatedAT>
    <signInCount>1</signInCount>
    <currSignInAt>22 Jan. 2014</currSignInAt>
    <lastSignInAt>22 Jan. 2014</lastSignInAt>
    <currSignInIP>127.0.0.1</currSignInIP>
    <lastSignInIP>127.0.0.1</lastSignInIP>
  </myUsers>
  <myUsers>
    <email>tommydow@gmail.com</email>
    <userID>92</userID>
    <createdAT>23 Jan. 2014</createdAT>
    <updatedAT>23 Jan. 2014</updatedAT>
    <signInCount>1</signInCount>
    <currSignInAt>23 Jan. 2014</currSignInAt>
    <lastSignInAt>23 Jan. 2014</lastSignInAt>
    <currSignInIP>127.0.0.1</currSignInIP>
    <lastSignInIP>127.0.0.1</lastSignInIP>
  </myUsers>
  <myUsers>
    <email>zara@gmail.com</email>
    <userID>80</userID>
    <createdAT>27 Dec. 2013</createdAT>
    <updatedAT>27 Dec. 2013</updatedAT>
    <signInCount>1</signInCount>
    <currSignInAt>27 Dec. 2013</currSignInAt>
    <lastSignInAt>27 Dec. 2013</lastSignInAt>
    <currSignInIP>127.0.0.1</currSignInIP>
    <lastSignInIP>127.0.0.1</lastSignInIP>
  </myUsers>
</root>
